Код ТН ВЭД;Наименование;Ставка;НДС %
2005202000;Картофель нарезанный тонкими ломтиками (чипсы/криспы);15%;10
1905905500;Экструдированные продукты острые/солёные (чипсы из муки);15%;10
1905100000;Хрустящие хлебцы (crispbread);15%, но не менее 0,15 евро/кг;10
2104100000;Супы и бульоны и заготовки для них;15%;10
2104200000;Гомогенизированные составные готовые пищевые продукты;15%;10
2005201000;Картофель в виде муки, хлопьев;15%;10
2005208000;Картофель прочий приготовленный;15%;10
1905909000;Прочие хлебобулочные изделия;15%;10
8470100000;Калькуляторы электронные;0%;20
0901210000;Кофе жареный с кофеином;10%;20
1704909900;Прочие кондитерские изделия из сахара;15%;20
2202100000;Воды газированные с сахаром;15%;20
